mode,m,n,k,warmup,iters,ms,tflops,logical_gbs
library_cublas_gemm,768,768,768,10,60,0.141797,6.38921,49.9157
v1,768,768,768,10,60,0.323558,2.80002,21.8751
v2,768,768,768,10,60,0.075776,11.9559,93.4054
v3,768,768,768,10,60,0.0972645,9.31449,72.7695
v4,768,768,768,10,60,0.0756181,11.9809,93.6004
v5,768,768,768,10,60,0.090112,10.0538,78.5455
v6,768,768,768,10,60,0.0614325,14.7474,115.214
v7,768,768,768,10,60,0.0737877,12.2781,95.9223
v8,768,768,768,10,60,0.0881557,10.2769,80.2885
v9,768,768,768,10,60,0.108648,8.33858,65.1451
library_cublas_gemm_half,768,768,768,10,60,0.0225701,40.1402,313.595
v10,768,768,768,10,60,0.0575515,15.7419,122.984
v11,768,768,768,10,60,0.0593685,15.2601,119.22
v12,768,768,768,10,60,0.0348432,26.0013,203.135
v13,768,768,768,10,60,0.0318672,28.4295,222.106
v14,768,768,768,10,60,0.0227387,39.8427,311.271
v15,768,768,768,10,60,0.0307499,29.4626,230.176
v16,768,768,768,10,60,0.0206187,43.9393,343.276
v17,768,768,768,10,60,0.0245856,36.8496,287.888
v18,768,768,768,10,60,0.0204907,44.2138,345.42
v19,768,768,768,10,60,0.0205077,44.177,345.133
library_cublas_gemm,1536,1536,1536,10,60,0.333943,21.7035,84.7795
v1,1536,1536,1536,10,60,2.54262,2.8505,11.1348
v2,1536,1536,1536,10,60,0.551889,13.1326,51.2994
v3,1536,1536,1536,10,60,0.720549,10.0587,39.2917
v4,1536,1536,1536,10,60,0.546733,13.2565,51.7832
v5,1536,1536,1536,10,60,0.664666,10.9044,42.5951
v6,1536,1536,1536,10,60,0.446677,16.2259,63.3826
v7,1536,1536,1536,10,60,0.429628,16.8699,65.8979
v8,1536,1536,1536,10,60,0.422756,17.1441,66.969
v9,1536,1536,1536,10,60,0.601004,12.0594,47.1071
library_cublas_gemm_half,1536,1536,1536,10,60,0.112731,64.2927,251.143
v10,1536,1536,1536,10,60,0.442074,16.3949,64.0425
v11,1536,1536,1536,10,60,0.445275,16.277,63.5822
v12,1536,1536,1536,10,60,0.241707,29.9858,117.132
v13,1536,1536,1536,10,60,0.221265,32.7561,127.953
v14,1536,1536,1536,10,60,0.158138,45.832,179.031
v15,1536,1536,1536,10,60,0.225328,32.1654,125.646
v16,1536,1536,1536,10,60,0.135179,53.6161,209.438
v17,1536,1536,1536,10,60,0.16369,44.2774,172.959
v18,1536,1536,1536,10,60,0.122874,58.9855,230.412
v19,1536,1536,1536,10,60,0.12289,58.9778,230.382
library_cublas_gemm,2304,2304,2304,5,30,1.09477,22.3436,58.1866
v1,2304,2304,2304,5,30,8.58383,2.84968,7.42104
v2,2304,2304,2304,5,30,1.85673,13.1743,34.3081
v3,2304,2304,2304,5,30,2.45232,9.97471,25.9758
v4,2304,2304,2304,5,30,1.844,13.2653,34.545
v5,2304,2304,2304,5,30,2.21401,11.0484,28.7718
v6,2304,2304,2304,5,30,1.49284,16.3856,42.6709
v7,2304,2304,2304,5,30,1.55421,15.7386,40.9861
v8,2304,2304,2304,5,30,1.36739,17.889,46.5859
v9,2304,2304,2304,5,30,2.03197,12.0382,31.3494
library_cublas_gemm_half,2304,2304,2304,5,30,0.379162,64.5139,168.005
v10,2304,2304,2304,5,30,1.47961,16.5321,43.0525
v11,2304,2304,2304,5,30,1.49218,16.3929,42.6899
v12,2304,2304,2304,5,30,0.786916,31.0849,80.9501
v13,2304,2304,2304,5,30,0.734912,33.2845,86.6784
v14,2304,2304,2304,5,30,0.502707,48.6589,126.716
v15,2304,2304,2304,5,30,0.735564,33.255,86.6016
v16,2304,2304,2304,5,30,0.430235,56.8554,148.061
v17,2304,2304,2304,5,30,0.522139,46.8481,122
v18,2304,2304,2304,5,30,0.393596,62.148,161.844
v19,2304,2304,2304,5,30,0.394339,62.0308,161.539
library_cublas_gemm,3072,3072,3072,3,15,2.45637,23.6048,46.103
v1,3072,3072,3072,3,15,20.3667,2.8469,5.56036
v2,3072,3072,3072,3,15,4.42172,13.113,25.6113
v3,3072,3072,3072,3,15,5.91811,9.79739,19.1355
v4,3072,3072,3072,3,15,4.39619,13.1892,25.7601
v5,3072,3072,3072,3,15,5.23368,11.0786,21.638
v6,3072,3072,3072,3,15,3.51775,16.4827,32.1928
v7,3072,3072,3072,3,15,3.61519,16.0385,31.3251
v8,3072,3072,3072,3,15,3.05285,18.9927,37.0952
v9,3072,3072,3072,3,15,4.70321,12.3282,24.0785
library_cublas_gemm_half,3072,3072,3072,3,15,0.855102,67.8072,132.436
v10,3072,3072,3072,3,15,3.93522,14.7341,28.7776
v11,3072,3072,3072,3,15,3.58813,16.1594,31.5613
v12,3072,3072,3072,3,15,1.93921,29.8999,58.3982
v13,3072,3072,3072,3,15,1.78233,32.5315,63.5382
v14,3072,3072,3072,3,15,1.32669,43.7043,85.3599
v15,3072,3072,3072,3,15,1.76771,32.8007,64.0638
v16,3072,3072,3072,3,15,1.04913,55.2667,107.943
v17,3072,3072,3072,3,15,1.26017,46.0114,89.8659
v18,3072,3072,3072,3,15,0.948919,61.1032,119.342
v19,3072,3072,3072,3,15,0.939505,61.7155,120.538
library_cublas_gemm,3840,3840,3840,2,8,4.86221,23.2911,36.3923
v1,3840,3840,3840,2,8,42.6537,2.65502,4.14846
v2,3840,3840,3840,2,8,8.6403,13.1068,20.4793
v3,3840,3840,3840,2,8,11.1077,10.1953,15.9301
v4,3840,3840,3840,2,8,8.56958,13.2149,20.6483
v5,3840,3840,3840,2,8,10.1546,11.1522,17.4254
v6,3840,3840,3840,2,8,7.10166,15.9465,24.9163
v7,3840,3840,3840,2,8,7.2034,15.7212,24.5644
v8,3840,3840,3840,2,8,5.9966,18.8851,29.5079
v9,3840,3840,3840,2,8,9.3968,12.0516,18.8306
library_cublas_gemm_half,3840,3840,3840,2,8,1.6684,67.877,106.058
v10,3840,3840,3840,2,8,7.60775,14.8856,23.2588
v11,3840,3840,3840,2,8,6.92438,16.3547,25.5542
v12,3840,3840,3840,2,8,3.64274,31.0882,48.5754
v13,3840,3840,3840,2,8,3.3386,33.9203,53.0004
v14,3840,3840,3840,2,8,2.58738,43.7687,68.3887
v15,3840,3840,3840,2,8,3.5703,31.719,49.5609
v16,3840,3840,3840,2,8,2.11094,53.6472,83.8237
v17,3840,3840,3840,2,8,2.61146,43.3651,67.758
v18,3840,3840,3840,2,8,1.85299,61.1155,95.4929
v19,3840,3840,3840,2,8,1.84233,61.4689,96.0452
library_cublas_gemm,768,768,768,10,60,0.14334,6.32041,49.3782
v1,768,768,768,10,60,0.323513,2.80041,21.8782
v2,768,768,768,10,60,0.0757669,11.9573,93.4166
v3,768,768,768,10,60,0.0977723,9.26612,72.3916
v4,768,768,768,10,60,0.0753675,12.0207,93.9117
v5,768,768,768,10,60,0.0901387,10.0508,78.5222
v6,768,768,768,10,60,0.0614229,14.7497,115.232
v7,768,768,768,10,60,0.0737755,12.2801,95.9382
v8,768,768,768,10,60,0.0882293,10.2684,80.2215
v9,768,768,768,10,60,0.108594,8.34271,65.1774
library_cublas_gemm_half,768,768,768,10,60,0.0225941,40.0976,313.262
v10,768,768,768,10,60,0.0578475,15.6614,122.354
v11,768,768,768,10,60,0.0593712,15.2594,119.214
v12,768,768,768,10,60,0.0348432,26.0013,203.135
v13,768,768,768,10,60,0.0311968,29.0405,226.879
v14,768,768,768,10,60,0.0226635,39.9749,312.304
v15,768,768,768,10,60,0.0307456,29.4666,230.208
v16,768,768,768,10,60,0.0205104,44.1712,345.088
v17,768,768,768,10,60,0.0246059,36.8193,287.65
v18,768,768,768,10,60,0.0205029,44.1873,345.213
v19,768,768,768,10,60,0.0205045,44.1839,345.186
library_cublas_gemm,1536,1536,1536,10,60,0.333967,21.702,84.7735
v1,1536,1536,1536,10,60,2.54888,2.84351,11.1075
v2,1536,1536,1536,10,60,0.55136,13.1452,51.3485
v3,1536,1536,1536,10,60,0.721752,10.0419,39.2262
v4,1536,1536,1536,10,60,0.547277,13.2433,51.7316
v5,1536,1536,1536,10,60,0.664785,10.9024,42.5876
v6,1536,1536,1536,10,60,0.446616,16.2282,63.3913
v7,1536,1536,1536,10,60,0.429711,16.8666,65.8851
v8,1536,1536,1536,10,60,0.423234,17.1247,66.8934
v9,1536,1536,1536,10,60,0.601249,12.0545,47.0879
library_cublas_gemm_half,1536,1536,1536,10,60,0.112766,64.2726,251.065
v10,1536,1536,1536,10,60,0.441735,16.4075,64.0917
v11,1536,1536,1536,10,60,0.445035,16.2858,63.6165
v12,1536,1536,1536,10,60,0.241631,29.9952,117.169
v13,1536,1536,1536,10,60,0.221307,32.7498,127.929
v14,1536,1536,1536,10,60,0.158341,45.7732,178.801
v15,1536,1536,1536,10,60,0.225331,32.1649,125.644
v16,1536,1536,1536,10,60,0.135162,53.6227,209.464
v17,1536,1536,1536,10,60,0.163589,44.3046,173.065
v18,1536,1536,1536,10,60,0.122913,58.9665,230.338
v19,1536,1536,1536,10,60,0.122893,58.976,230.375
library_cublas_gemm,2304,2304,2304,5,30,1.09654,22.3076,58.0927
v1,2304,2304,2304,5,30,8.59673,2.84541,7.40991
v2,2304,2304,2304,5,30,1.8551,13.1859,34.3384
v3,2304,2304,2304,5,30,2.45356,9.96966,25.9627
v4,2304,2304,2304,5,30,1.84905,13.229,34.4506
v5,2304,2304,2304,5,30,2.21826,11.0272,28.7167
v6,2304,2304,2304,5,30,1.4993,16.3151,42.4872
v7,2304,2304,2304,5,30,1.55399,15.7409,40.9919
v8,2304,2304,2304,5,30,1.3644,17.9282,46.688
v9,2304,2304,2304,5,30,2.03381,12.0273,31.321
library_cublas_gemm_half,2304,2304,2304,5,30,0.379145,64.5168,168.012
v10,2304,2304,2304,5,30,1.48288,16.4957,42.9577
v11,2304,2304,2304,5,30,1.50972,16.2024,42.1939
v12,2304,2304,2304,5,30,0.786887,31.086,80.9531
v13,2304,2304,2304,5,30,0.734837,33.2879,86.6872
v14,2304,2304,2304,5,30,0.503023,48.6284,126.636
v15,2304,2304,2304,5,30,0.735589,33.2539,86.5986
v16,2304,2304,2304,5,30,0.430028,56.8828,148.132
v17,2304,2304,2304,5,30,0.522078,46.8535,122.014
v18,2304,2304,2304,5,30,0.393747,62.1241,161.781
v19,2304,2304,2304,5,30,0.394705,61.9733,161.389
library_cublas_gemm,3072,3072,3072,3,15,2.45428,23.6249,46.1424
v1,3072,3072,3072,3,15,20.34,2.85064,5.56766
v2,3072,3072,3072,3,15,4.43179,13.0832,25.5531
v3,3072,3072,3072,3,15,5.92854,9.78016,19.1019
v4,3072,3072,3072,3,15,4.41268,13.1399,25.6638
v5,3072,3072,3072,3,15,5.26057,11.022,21.5274
v6,3072,3072,3072,3,15,3.53498,16.4024,32.0358
v7,3072,3072,3072,3,15,3.62146,16.0107,31.2709
v8,3072,3072,3072,3,15,3.05838,18.9584,37.0282
v9,3072,3072,3072,3,15,4.70683,12.3187,24.06
library_cublas_gemm_half,3072,3072,3072,3,15,0.854686,67.8402,132.5
v10,3072,3072,3072,3,15,3.93526,14.734,28.7773
v11,3072,3072,3072,3,15,3.58701,16.1644,31.5712
v12,3072,3072,3072,3,15,1.93869,29.9079,58.4139
v13,3072,3072,3072,3,15,1.78609,32.4632,63.4047
v14,3072,3072,3072,3,15,1.32704,43.6929,85.3377
v15,3072,3072,3072,3,15,1.76787,32.7977,64.0581
v16,3072,3072,3072,3,15,1.04995,55.2238,107.859
v17,3072,3072,3072,3,15,1.26096,45.9824,89.8094
v18,3072,3072,3072,3,15,0.94794,61.1664,119.466
v19,3072,3072,3072,3,15,0.940949,61.6208,120.353
library_cublas_gemm,3840,3840,3840,2,8,4.86201,23.2921,36.3939
v1,3840,3840,3840,2,8,42.7523,2.64889,4.13889
v2,3840,3840,3840,2,8,8.63789,13.1104,20.485
v3,3840,3840,3840,2,8,11.1212,10.1829,15.9107
v4,3840,3840,3840,2,8,8.60914,13.1542,20.5534
v5,3840,3840,3840,2,8,10.1862,11.1177,17.3713
v6,3840,3840,3840,2,8,7.14306,15.854,24.7719
v7,3840,3840,3840,2,8,7.21944,15.6863,24.5098
v8,3840,3840,3840,2,8,6.0091,18.8458,29.4465
v9,3840,3840,3840,2,8,9.42355,12.0174,18.7771
library_cublas_gemm_half,3840,3840,3840,2,8,1.67605,67.5674,105.574
v10,3840,3840,3840,2,8,7.62364,14.8546,23.2103
v11,3840,3840,3840,2,8,6.95514,16.2824,25.4412
v12,3840,3840,3840,2,8,3.65627,30.9731,48.3955
v13,3840,3840,3840,2,8,3.35199,33.7848,52.7887
v14,3840,3840,3840,2,8,2.59118,43.7046,68.2884
v15,3840,3840,3840,2,8,3.5729,31.6958,49.5248
v16,3840,3840,3840,2,8,2.11772,53.4755,83.5555
v17,3840,3840,3840,2,8,2.61137,43.3666,67.7603
v18,3840,3840,3840,2,8,1.85187,61.1524,95.5507
v19,3840,3840,3840,2,8,1.8447,61.3899,95.9217
library_cublas_gemm,768,768,768,10,60,0.143335,6.32065,49.3801
v1,768,768,768,10,60,0.323463,2.80085,21.8816
v2,768,768,768,10,60,0.0757808,11.9551,93.3995
v3,768,768,768,10,60,0.0974533,9.29645,72.6285
v4,768,768,768,10,60,0.0756389,11.9776,93.5747
v5,768,768,768,10,60,0.0901264,10.0522,78.5329
v6,768,768,768,10,60,0.0614251,14.7492,115.228
v7,768,768,768,10,60,0.0737904,12.2776,95.9188
v8,768,768,768,10,60,0.0882075,10.2709,80.2414
v9,768,768,768,10,60,0.10854,8.34685,65.2098
library_cublas_gemm_half,768,768,768,10,60,0.0225867,40.1108,313.366
v10,768,768,768,10,60,0.0576533,15.7141,122.766
v11,768,768,768,10,60,0.0593696,15.2598,119.217
v12,768,768,768,10,60,0.0348539,25.9934,203.073
v13,768,768,768,10,60,0.0318741,28.4233,222.057
v14,768,768,768,10,60,0.0227035,39.9045,311.754
v15,768,768,768,10,60,0.0307461,29.4661,230.204
v16,768,768,768,10,60,0.0205509,44.0841,344.407
v17,768,768,768,10,60,0.0246059,36.8193,287.65
v18,768,768,768,10,60,0.0204816,44.2333,345.573
v19,768,768,768,10,60,0.0204816,44.2333,345.573
library_cublas_gemm,1536,1536,1536,10,60,0.333957,21.7027,84.7761
v1,1536,1536,1536,10,60,2.54926,2.84308,11.1058
v2,1536,1536,1536,10,60,0.553247,13.1004,51.1734
v3,1536,1536,1536,10,60,0.722964,10.0251,39.1604
v4,1536,1536,1536,10,60,0.548413,13.2159,51.6245
v5,1536,1536,1536,10,60,0.667119,10.8643,42.4385
v6,1536,1536,1536,10,60,0.44841,16.1632,63.1376
v7,1536,1536,1536,10,60,0.43055,16.8337,65.7567
v8,1536,1536,1536,10,60,0.423255,17.1238,66.89
v9,1536,1536,1536,10,60,0.60363,12.007,46.9022
library_cublas_gemm_half,1536,1536,1536,10,60,0.112732,64.2918,251.14
v10,1536,1536,1536,10,60,0.442135,16.3926,64.0337
v11,1536,1536,1536,10,60,0.447629,16.1914,63.2478
v12,1536,1536,1536,10,60,0.242757,29.856,116.625
v13,1536,1536,1536,10,60,0.221307,32.7498,127.929
v14,1536,1536,1536,10,60,0.158507,45.7253,178.614
v15,1536,1536,1536,10,60,0.225385,32.1573,125.614
v16,1536,1536,1536,10,60,0.135162,53.6227,209.464
v17,1536,1536,1536,10,60,0.163806,44.2459,172.835
v18,1536,1536,1536,10,60,0.122998,58.9256,230.178
v19,1536,1536,1536,10,60,0.122962,58.943,230.246
library_cublas_gemm,2304,2304,2304,5,30,1.09777,22.2826,58.0277
v1,2304,2304,2304,5,30,8.60163,2.84378,7.40568
v2,2304,2304,2304,5,30,1.86206,13.1366,34.2099
v3,2304,2304,2304,5,30,2.46363,9.92893,25.8566
v4,2304,2304,2304,5,30,1.84797,13.2368,34.4709
v5,2304,2304,2304,5,30,2.22305,11.0035,28.6548
v6,2304,2304,2304,5,30,1.50708,16.2309,42.2679
v7,2304,2304,2304,5,30,1.55734,15.707,40.9036
v8,2304,2304,2304,5,30,1.36857,17.8735,46.5456
v9,2304,2304,2304,5,30,2.03935,11.9946,31.2359
library_cublas_gemm_half,2304,2304,2304,5,30,0.38091,64.2178,167.234
v10,2304,2304,2304,5,30,1.48576,16.4637,42.8743
v11,2304,2304,2304,5,30,1.50746,16.2268,42.2572
v12,2304,2304,2304,5,30,0.790242,30.954,80.6095
v13,2304,2304,2304,5,30,0.737584,33.1639,86.3644
v14,2304,2304,2304,5,30,0.504511,48.4849,126.263
v15,2304,2304,2304,5,30,0.739163,33.0931,86.1799
v16,2304,2304,2304,5,30,0.431874,56.6396,147.499
v17,2304,2304,2304,5,30,0.524206,46.6633,121.519
v18,2304,2304,2304,5,30,0.395321,61.8768,161.138
v19,2304,2304,2304,5,30,0.395829,61.7973,160.93
library_cublas_gemm,3072,3072,3072,3,15,2.45723,23.5965,46.0869
v1,3072,3072,3072,3,15,20.38,2.84505,5.55674
v2,3072,3072,3072,3,15,4.44507,13.0441,25.4768
v3,3072,3072,3072,3,15,5.95005,9.74479,19.0328
v4,3072,3072,3072,3,15,4.41747,13.1256,25.636
v5,3072,3072,3072,3,15,5.2573,11.0289,21.5408
v6,3072,3072,3072,3,15,3.55776,16.2973,31.8308
v7,3072,3072,3072,3,15,3.61783,16.0267,31.3022
v8,3072,3072,3072,3,15,3.06847,18.8961,36.9064
v9,3072,3072,3072,3,15,4.71617,12.2943,24.0123
library_cublas_gemm_half,3072,3072,3072,3,15,0.858662,67.526,131.887
v10,3072,3072,3072,3,15,3.91697,14.8028,28.9117
v11,3072,3072,3072,3,15,3.57508,16.2184,31.6765
v12,3072,3072,3072,3,15,1.94717,29.7776,58.1594
v13,3072,3072,3072,3,15,1.78659,32.4541,63.3869
v14,3072,3072,3072,3,15,1.33371,43.4742,84.9105
v15,3072,3072,3072,3,15,1.77589,32.6496,63.7688
v16,3072,3072,3072,3,15,1.0532,55.0531,107.526
v17,3072,3072,3072,3,15,1.26473,45.8453,89.5415
v18,3072,3072,3072,3,15,0.952747,60.8578,118.863
v19,3072,3072,3072,3,15,0.943595,61.4481,120.016
library_cublas_gemm,3840,3840,3840,2,8,4.88281,23.1928,36.2388
v1,3840,3840,3840,2,8,42.77,2.6478,4.13718
v2,3840,3840,3840,2,8,8.66102,13.0754,20.4303
v3,3840,3840,3840,2,8,11.1512,10.1556,15.8681
v4,3840,3840,3840,2,8,8.60038,13.1676,20.5743
v5,3840,3840,3840,2,8,10.1861,11.1177,17.3714
v6,3840,3840,3840,2,8,7.18386,15.764,24.6312
v7,3840,3840,3840,2,8,7.21736,15.6908,24.5169
v8,3840,3840,3840,2,8,6.03928,18.7516,29.2994
v9,3840,3840,3840,2,8,9.4372,12,18.75
library_cublas_gemm_half,3840,3840,3840,2,8,1.6766,67.5453,105.54
v10,3840,3840,3840,2,8,7.62258,14.8567,23.2135
v11,3840,3840,3840,2,8,6.95071,16.2927,25.4574
v12,3840,3840,3840,2,8,3.65947,30.9461,48.3533
v13,3840,3840,3840,2,8,3.35185,33.7862,52.7909
v14,3840,3840,3840,2,8,2.59583,43.6262,68.1659
v15,3840,3840,3840,2,8,3.58592,31.5808,49.3449
v16,3840,3840,3840,2,8,2.11766,53.4769,83.5577
v17,3840,3840,3840,2,8,2.62202,43.1905,67.4852
v18,3840,3840,3840,2,8,1.8593,60.9081,95.1689
v19,3840,3840,3840,2,8,1.84896,61.2485,95.7007
