source,kind,mode,m,n,k,ms,tflops,logical_gbs
square8192,full,library_cublas_gemm,1024,1024,1024,0.13120466666666666,16.367433333333334,95.90293333333334
square8192,full,v1,1024,1024,1024,0.8640066666666666,2.4855033333333334,14.563466666666669
square8192,full,v2,1024,1024,1024,0.21490299999999998,9.99281,58.5516
square8192,full,v3,1024,1024,1024,0.278561,7.709206666666667,45.17113333333333
square8192,full,v4,1024,1024,1024,0.21286866666666668,10.088333333333333,59.11116666666667
square8192,full,v5,1024,1024,1024,0.25855500000000003,8.305953333333333,48.667699999999996
square8192,full,v6,1024,1024,1024,0.17381866666666665,12.354766666666668,72.39103333333334
square8192,full,v7,1024,1024,1024,0.216689,9.910453333333335,58.069066666666664
square8192,full,v8,1024,1024,1024,0.21116966666666667,10.169466666666667,59.58663333333334
square8192,full,v9,1024,1024,1024,0.23660333333333336,9.076296666666666,53.1814
square8192,full,library_cublas_gemm,2048,2048,2048,0.8023026666666667,21.413233333333334,62.734033333333336
square8192,full,v1,2048,2048,2048,6.775136666666666,2.535746666666667,7.4289466666666675
square8192,full,v2,2048,2048,2048,1.4945133333333331,11.4953,33.67763333333334
square8192,full,v3,2048,2048,2048,1.9606533333333334,8.762386666666666,25.671033333333337
square8192,full,v4,2048,2048,2048,1.4825,11.588433333333333,33.950466666666664
square8192,full,v5,2048,2048,2048,1.79913,9.549053333333333,27.975733333333334
square8192,full,v6,2048,2048,2048,1.21291,14.164166666666667,41.496566666666666
square8192,full,v7,2048,2048,2048,1.2742733333333334,13.482466666666667,39.49936666666667
square8192,full,v8,2048,2048,2048,1.1664733333333333,14.728366666666666,43.14939999999999
square8192,full,v9,2048,2048,2048,1.6100900000000002,10.670133333333334,31.260166666666667
square8192,full,library_cublas_gemm,4096,4096,4096,6.326943333333333,21.722800000000003,31.820533333333334
square8192,full,v1,4096,4096,4096,54.25043333333334,2.5337066666666668,3.71148
square8192,full,v2,4096,4096,4096,11.703266666666666,11.743633333333333,17.2026
square8192,full,v3,4096,4096,4096,15.092333333333334,9.106546666666667,13.339666666666666
square8192,full,v4,4096,4096,4096,11.648966666666666,11.7984,17.282799999999998
square8192,full,v5,4096,4096,4096,13.955433333333332,9.848463333333333,14.426433333333334
square8192,full,v6,4096,4096,4096,9.198450000000001,14.941533333333334,21.887
square8192,full,v7,4096,4096,4096,9.76334,14.0771,20.6207
square8192,full,v8,4096,4096,4096,8.125113333333333,16.9154,24.778433333333336
square8192,full,v9,4096,4096,4096,12.249266666666665,11.2202,16.4358
square8192,full,library_cublas_gemm,8192,8192,8192,48.45836666666667,22.68986666666667,16.618533333333332
square8192,full,v1,8192,8192,8192,419.92633333333333,2.618346666666667,1.9177333333333333
square8192,full,v2,8192,8192,8192,91.61880000000001,12.002033333333335,8.790546666666666
square8192,full,v3,8192,8192,8192,116.29199999999999,9.454966666666666,6.925026666666667
square8192,full,v4,8192,8192,8192,92.0684,11.942400000000001,8.746866666666667
square8192,full,v5,8192,8192,8192,107.60666666666667,10.2183,7.484123333333334
square8192,full,v6,8192,8192,8192,74.29986666666667,14.7983,10.8386
square8192,full,v7,8192,8192,8192,75.7959,14.506233333333334,10.624699999999999
square8192,full,v8,8192,8192,8192,62.2377,17.666366666666665,12.939233333333334
square8192,full,v9,8192,8192,8192,94.17373333333335,11.675766666666666,8.55159
large_sweep,full,library_cublas_gemm,1280,1280,1280,0.26957233333333336,15.5591,72.93333333333334
large_sweep,full,v1,1280,1280,1280,1.66997,2.5116,11.773166666666667
large_sweep,full,v2,1280,1280,1280,0.391756,10.7064,50.18633333333333
large_sweep,full,v3,1280,1280,1280,0.5174763333333333,8.1056,37.99503333333333
large_sweep,full,v4,1280,1280,1280,0.38856266666666667,10.794400000000001,50.598800000000004
large_sweep,full,v5,1280,1280,1280,0.4718466666666667,8.889126666666668,41.6678
large_sweep,full,v6,1280,1280,1280,0.31834066666666666,13.1755,61.7602
large_sweep,full,v7,1280,1280,1280,0.405615,10.3406,48.4716
large_sweep,full,library_cublas_gemm,1536,1536,1536,0.37690566666666664,19.229633333333336,75.11576666666667
large_sweep,full,v1,1536,1536,1536,2.8378333333333337,2.55416,9.977179999999999
large_sweep,full,v2,1536,1536,1536,0.622106,11.650333333333334,45.509233333333334
large_sweep,full,v3,1536,1536,1536,0.814145,8.902293333333333,34.774566666666665
large_sweep,full,v4,1536,1536,1536,0.6167063333333332,11.752366666666667,45.90766666666667
large_sweep,full,v5,1536,1536,1536,0.7497156666666666,9.667343333333333,37.76306666666667
large_sweep,full,v6,1536,1536,1536,0.5038843333333333,14.3838,56.18663333333333
large_sweep,full,v7,1536,1536,1536,0.48401133333333335,14.974366666666667,58.49356666666667
large_sweep,full,library_cublas_gemm,1792,1792,1792,0.635986,18.096566666666664,60.59119999999999
large_sweep,full,v1,1792,1792,1792,4.42248,2.6026933333333333,8.714373333333333
large_sweep,full,v2,1792,1792,1792,1.0141533333333335,11.348533333333334,37.9973
large_sweep,full,v3,1792,1792,1792,1.32875,8.66165,29.001033333333336
large_sweep,full,v4,1792,1792,1792,1.0059566666666666,11.441033333333332,38.306999999999995
large_sweep,full,v5,1792,1792,1792,1.2208066666666666,9.427506666666666,31.565299999999997
large_sweep,full,v6,1792,1792,1792,0.823579,13.9746,46.789899999999996
large_sweep,full,v7,1792,1792,1792,0.9241883333333334,12.453233333333335,41.69623333333333
large_sweep,full,library_cublas_gemm,1024,2048,1024,0.21701166666666669,19.791433333333334,96.63786666666665
large_sweep,full,v1,1024,2048,1024,1.7062133333333334,2.51725,12.291266666666667
large_sweep,full,v2,1024,2048,1024,0.3827796666666667,11.220466666666667,54.78743333333333
large_sweep,full,v3,1024,2048,1024,0.4978373333333333,8.627249999999998,42.125233333333334
large_sweep,full,v4,1024,2048,1024,0.3791086666666667,11.329133333333333,55.318000000000005
large_sweep,full,v5,1024,2048,1024,0.4607023333333333,9.322650000000001,45.52073333333333
large_sweep,full,v6,1024,2048,1024,0.3118913333333333,13.7707,67.23983333333334
large_sweep,full,v7,1024,2048,1024,0.32176366666666667,13.3482,65.17676666666667
large_sweep,full,library_cublas_gemm,2048,1024,1024,0.21705133333333335,19.7878,96.62006666666666
large_sweep,full,v1,2048,1024,1024,1.7083266666666665,2.51414,12.276066666666665
large_sweep,full,v2,2048,1024,1024,0.3835566666666666,11.197766666666666,54.676433333333335
large_sweep,full,v3,2048,1024,1024,0.5020043333333333,8.555636666666667,41.77556666666667
large_sweep,full,v4,2048,1024,1024,0.380962,11.274000000000001,55.04886666666667
large_sweep,full,v5,2048,1024,1024,0.461134,9.313953333333332,45.4783
large_sweep,full,v6,2048,1024,1024,0.311284,13.797566666666667,67.37093333333333
large_sweep,full,v7,2048,1024,1024,0.32170733333333335,13.350533333333333,65.18823333333333
large_sweep,full,library_cublas_gemm,2048,2048,1024,0.4280456666666666,20.067800000000002,78.38986666666666
large_sweep,full,v1,2048,2048,1024,3.3139033333333336,2.5921333333333334,10.125533333333335
large_sweep,full,v2,2048,2048,1024,0.7520203333333333,11.422466666666665,44.619033333333334
large_sweep,full,v3,2048,2048,1024,0.9818700000000001,8.748546666666668,34.174033333333334
large_sweep,full,v4,2048,2048,1024,0.7459336666666667,11.515666666666666,44.983133333333335
large_sweep,full,v5,2048,2048,1024,0.9037483333333333,9.504783333333334,37.12806666666666
large_sweep,full,v6,2048,2048,1024,0.6141869999999999,13.985866666666666,54.63226666666666
large_sweep,full,v7,2048,2048,1024,0.639183,13.438933333333333,52.49583333333334
large_sweep,full,library_cublas_gemm,1024,2048,2048,0.4039623333333333,21.2642,83.0633
large_sweep,full,v1,1024,2048,2048,3.3457033333333333,2.5675133333333333,10.029359999999999
large_sweep,full,v2,1024,2048,2048,0.7556666666666668,11.367366666666667,44.40376666666666
large_sweep,full,v3,1024,2048,2048,0.9862730000000001,8.709486666666667,34.021433333333334
large_sweep,full,v4,1024,2048,2048,0.7489113333333334,11.469866666666666,44.80426666666667
large_sweep,full,v5,1024,2048,2048,0.9132586666666667,9.405806666666667,36.74143333333333
large_sweep,full,v6,1024,2048,2048,0.6143053333333334,13.983133333333333,54.62173333333333
large_sweep,full,v7,1024,2048,2048,0.634664,13.534633333333332,52.8696
irregular10,full,library_cublas_gemm,1152,1152,1152,0.18639566666666665,16.404066666666665,85.43783333333333
irregular10,full,v1,1152,1152,1152,1.22007,2.506133333333333,13.0528
irregular10,full,v2,1152,1152,1152,0.27853666666666665,10.977533333333334,57.174733333333336
irregular10,full,v3,1152,1152,1152,0.36387400000000003,8.403373333333333,43.767599999999995
irregular10,full,v4,1152,1152,1152,0.276401,11.062399999999998,57.61646666666667
irregular10,full,v5,1152,1152,1152,0.3347173333333333,9.135023333333335,47.57823333333334
irregular10,full,v6,1152,1152,1152,0.225343,13.568866666666667,70.67110000000001
irregular10,full,v7,1152,1152,1152,0.24363,12.550366666666667,65.36653333333334
irregular10,full,v8,1152,1152,1152,0.23463633333333334,13.031433333333332,67.87203333333333
irregular10,full,v9,1152,1152,1152,0.3467246666666666,8.818976666666666,45.9322
irregular10,full,v8,1536,1536,1536,0.47730266666666665,15.184800000000001,59.3157
irregular10,full,v9,1536,1536,1536,0.685151,10.578733333333334,41.323233333333334
irregular10,full,library_cublas_gemm,2304,2304,2304,1.23654,19.781966666666666,51.515566666666665
irregular10,full,v1,2304,2304,2304,9.648743333333334,2.53524,6.602193333333333
irregular10,full,v2,2304,2304,2304,2.0833133333333334,11.7415,30.576800000000002
irregular10,full,v3,2304,2304,2304,2.75743,8.871043333333333,23.10166666666667
irregular10,full,v4,2304,2304,2304,2.068156666666667,11.827566666666668,30.800866666666668
irregular10,full,v5,2304,2304,2304,2.4912466666666666,9.818843333333334,25.5699
irregular10,full,v6,2304,2304,2304,1.67729,14.583966666666667,37.979033333333334
irregular10,full,v7,2304,2304,2304,1.7368499999999998,14.083633333333333,36.67616666666667
irregular10,full,v8,2304,2304,2304,1.5376,15.908966666666666,41.42953333333333
irregular10,full,v9,2304,2304,2304,2.2960166666666666,10.653799999999999,27.744366666666664
irregular10,full,library_cublas_gemm,3072,3072,3072,2.7615166666666666,20.9965,41.00873333333333
irregular10,full,v1,3072,3072,3072,21.669466666666665,2.6759966666666664,5.226553333333334
irregular10,full,v2,3072,3072,3072,4.956433333333333,11.6984,22.848466666666667
irregular10,full,v3,3072,3072,3072,6.577393333333333,8.81536,17.2175
irregular10,full,v4,3072,3072,3072,4.927546666666667,11.766966666666667,22.982266666666664
irregular10,full,v5,3072,3072,3072,5.86872,9.879846666666667,19.296599999999998
irregular10,full,v6,3072,3072,3072,3.94359,14.702866666666665,28.716566666666665
irregular10,full,v7,3072,3072,3072,4.01867,14.428199999999999,28.180066666666665
irregular10,full,v8,3072,3072,3072,3.43192,16.895,32.99803333333333
irregular10,full,v9,3072,3072,3072,5.281996666666667,10.977333333333334,21.440066666666667
irregular10,full,library_cublas_gemm,3840,3840,3840,5.4712233333333335,20.6985,32.341433333333335
irregular10,full,v1,3840,3840,3840,46.60816666666667,2.4297566666666666,3.7964966666666666
irregular10,full,v2,3840,3840,3840,9.559416666666666,11.846666666666666,18.5104
irregular10,full,v3,3840,3840,3840,12.465200000000001,9.085036666666666,14.195366666666667
irregular10,full,v4,3840,3840,3840,9.563926666666667,11.841033333333334,18.501633333333334
irregular10,full,v5,3840,3840,3840,11.402299999999999,9.93195,15.518666666666666
irregular10,full,v6,3840,3840,3840,7.633086666666666,14.8364,23.1819
irregular10,full,v7,3840,3840,3840,8.029243333333334,14.104366666666666,22.038066666666666
irregular10,full,v8,3840,3840,3840,6.707986666666667,16.8823,26.378566666666668
irregular10,full,v9,3840,3840,3840,10.539666666666667,10.744833333333332,16.788766666666668
irregular10,full,library_cublas_gemm,1536,2304,1536,0.566414,19.1938,66.64516666666667
irregular10,full,v1,1536,2304,1536,4.3170399999999995,2.5183066666666667,8.74413
irregular10,full,v2,1536,2304,1536,0.9261813333333334,11.738100000000001,40.7574
irregular10,full,v3,1536,2304,1536,1.2132699999999998,8.960586666666666,31.113133333333334
irregular10,full,v4,1536,2304,1536,0.9177633333333333,11.845766666666668,41.131233333333334
irregular10,full,v5,1536,2304,1536,1.12459,9.668183333333333,33.570100000000004
irregular10,full,v6,1536,2304,1536,0.7549486666666666,14.401499999999999,50.0053
irregular10,full,v7,1536,2304,1536,0.8116753333333334,13.395166666666666,46.510999999999996
irregular10,full,v8,1536,2304,1536,0.7494073333333334,14.506966666666665,50.371433333333336
irregular10,full,v9,1536,2304,1536,1.0093666666666667,10.770766666666667,37.3984
irregular10,full,library_cublas_gemm,2304,1536,3072,1.0588333333333333,20.5351,57.93326666666667
irregular10,full,v1,2304,1536,3072,8.615873333333333,2.5236533333333333,7.119683333333334
irregular10,full,v2,2304,1536,3072,1.8860833333333333,11.528366666666665,32.5236
irregular10,full,v3,2304,1536,3072,2.4937733333333334,8.719103333333333,24.598166666666668
irregular10,full,v4,2304,1536,3072,1.8735733333333335,11.6053,32.7406
irregular10,full,v5,2304,1536,3072,2.23279,9.738233333333334,27.4733
irregular10,full,v6,2304,1536,3072,1.4906266666666668,14.586733333333333,41.151833333333336
irregular10,full,v7,2304,1536,3072,1.6697600000000001,13.0219,36.73716666666667
irregular10,full,v8,2304,1536,3072,1.4774133333333335,14.717366666666669,41.520266666666664
irregular10,full,v9,2304,1536,3072,2.0018366666666663,10.861666666666666,30.642733333333336
irregular10,full,library_cublas_gemm,3072,2304,1536,1.0775033333333335,20.1793,56.92943333333333
irregular10,full,v1,3072,2304,1536,8.602823333333333,2.5274566666666662,7.13042
irregular10,full,v2,3072,2304,1536,1.85185,11.741366666666666,33.124566666666674
irregular10,full,v3,3072,2304,1536,2.44037,8.90983,25.136233333333333
irregular10,full,v4,3072,2304,1536,1.84307,11.797466666666665,33.28276666666667
irregular10,full,v5,3072,2304,1536,2.2184566666666665,9.801153333333334,27.650866666666662
irregular10,full,v6,3072,2304,1536,1.4918500000000001,14.574633333333333,41.11776666666666
irregular10,full,v7,3072,2304,1536,1.50256,14.470833333333333,40.82476666666667
irregular10,full,v8,3072,2304,1536,1.34497,16.166766666666664,45.60926666666666
irregular10,full,v9,3072,2304,1536,2.0107399999999997,10.813566666666667,30.507099999999998
irregular10,full,library_cublas_gemm,4608,3456,2304,4.046966666666667,18.132966666666665,34.10426666666667
irregular10,full,v1,4608,3456,2304,28.564233333333334,2.5691133333333336,4.831956666666667
irregular10,full,v2,4608,3456,2304,6.169216666666666,11.895166666666666,22.372233333333337
irregular10,full,v3,4608,3456,2304,8.156673333333332,8.996763333333334,16.921000000000003
irregular10,full,v4,4608,3456,2304,6.1272866666666665,11.976633333333334,22.525433333333336
irregular10,full,v5,4608,3456,2304,7.42448,9.884026666666665,18.58973333333333
irregular10,full,v6,4608,3456,2304,4.99421,14.693833333333332,27.635900000000003
irregular10,full,v7,4608,3456,2304,5.05083,14.529266666666667,27.326466666666665
irregular10,full,v8,4608,3456,2304,4.4356366666666664,16.544166666666666,31.116033333333334
irregular10,full,v9,4608,3456,2304,6.666083333333333,11.008566666666667,20.7047
irregular10,full,library_cublas_gemm,7680,6144,3840,16.92356666666667,21.413233333333334,23.699533333333335
irregular10,full,v1,7680,6144,3840,142.26566666666668,2.5473266666666667,2.8193066666666664
irregular10,full,v2,7680,6144,3840,30.852500000000003,11.745800000000001,12.999933333333333
irregular10,full,v3,7680,6144,3840,39.76476666666667,9.113313333333332,10.086366666666665
irregular10,full,v4,7680,6144,3840,30.6524,11.8225,13.084800000000001
irregular10,full,v5,7680,6144,3840,36.35706666666666,9.967833333333333,11.032066666666665
irregular10,full,v6,7680,6144,3840,24.32443333333333,14.8981,16.488766666666667
irregular10,full,v7,7680,6144,3840,25.370033333333335,14.2841,15.809233333333333
irregular10,full,v8,7680,6144,3840,21.0002,17.2564,19.098866666666666
irregular10,full,v9,7680,6144,3840,33.33656666666666,10.870600000000001,12.031266666666667
under1024,full,library_cublas_gemm,128,128,128,0.006926133333333334,0.6151719999999999,28.8362
under1024,full,v1,128,128,128,0.006146026666666666,0.6824416666666666,31.989433333333334
under1024,full,v2,128,128,128,0.008309333333333334,0.5047763333333334,23.6614
under1024,full,v3,128,128,128,0.010245533333333334,0.409378,19.1896
under1024,full,v4,128,128,128,0.008329546666666666,0.5035503333333333,23.603933333333334
under1024,full,v5,128,128,128,0.010240233333333333,0.40959166666666663,19.1996
under1024,full,v6,128,128,128,0.008194986666666668,0.5118133333333333,23.991266666666665
under1024,full,v7,128,128,128,0.016388966666666668,0.25592233333333336,11.996366666666667
under1024,full,v8,128,128,128,0.022523633333333334,0.186218,8.728966666666667
under1024,full,v9,128,128,128,0.018440266666666667,0.22745366666666667,10.661900000000001
under1024,full,library_cublas_gemm,192,192,192,0.008206826666666667,1.7248766666666668,53.90246666666667
under1024,full,v1,192,192,192,0.010242433333333334,1.38207,43.189666666666675
under1024,full,v2,192,192,192,0.012289766666666667,1.1518333333333335,35.99483333333333
under1024,full,v3,192,192,192,0.014337533333333333,0.9873219999999999,30.85383333333333
under1024,full,v4,192,192,192,0.012289166666666665,1.1518866666666667,35.996566666666666
under1024,full,v5,192,192,192,0.012299599999999999,1.15092,35.96613333333334
under1024,full,v6,192,192,192,0.010243133333333333,1.3819733333333335,43.186699999999995
under1024,full,library_cublas_gemm,256,256,256,0.010254266666666666,3.2722300000000004,76.69296666666666
under1024,full,v1,256,256,256,0.018960333333333333,1.7697200000000002,41.4778
under1024,full,v2,256,256,256,0.014345766666666667,2.338976666666667,54.81986666666666
under1024,full,v3,256,256,256,0.0163949,2.04664,47.968133333333334
under1024,full,v4,256,256,256,0.014344966666666667,2.3391100000000002,54.82286666666667
under1024,full,v5,256,256,256,0.016384366666666667,2.0479533333333335,47.9989
under1024,full,v6,256,256,256,0.012293233333333334,2.729506666666667,63.97280000000001
under1024,full,v7,256,256,256,0.031098833333333336,1.07928,25.29563333333333
under1024,full,v8,256,256,256,0.040980800000000005,0.8187843333333333,19.190266666666666
under1024,full,v9,256,256,256,0.028669299999999998,1.1703999999999999,27.431166666666666
under1024,full,library_cublas_gemm,320,320,320,0.018443533333333335,3.5533333333333332,66.625
under1024,full,v1,320,320,320,0.03279083333333333,1.9986066666666666,37.4739
under1024,full,v2,320,320,320,0.018434533333333333,3.55507,66.6576
under1024,full,v3,320,320,320,0.020487099999999998,3.198893333333333,59.97923333333333
under1024,full,v4,320,320,320,0.018432033333333334,3.555543333333333,66.66646666666666
under1024,full,v5,320,320,320,0.0204807,3.1998933333333333,59.998
under1024,full,v6,320,320,320,0.014349066666666667,4.567266666666667,85.63626666666666
under1024,full,library_cublas_gemm,384,384,384,0.0183573,6.16901,96.39080000000001
under1024,full,v1,384,384,384,0.050870733333333334,2.226156666666667,34.78373333333334
under1024,full,v2,384,384,384,0.0204905,5.526763333333332,86.3557
under1024,full,v3,384,384,384,0.0245756,4.6080700000000006,72.00106666666666
under1024,full,v4,384,384,384,0.0204902,5.52685,86.35703333333333
under1024,full,v5,384,384,384,0.022544066666666668,5.023326666666667,78.4895
under1024,full,v6,384,384,384,0.016392399999999998,6.908446666666666,107.94433333333332
under1024,full,v7,384,384,384,0.0430362,2.6314166666666665,41.1159
under1024,full,v8,384,384,384,0.05532923333333334,2.04677,31.980766666666668
under1024,full,v9,384,384,384,0.03891356666666667,2.9101999999999997,45.47186666666667
under1024,full,library_cublas_gemm,448,448,448,0.024596433333333334,7.311253333333333,97.91863333333333
under1024,full,v1,448,448,448,0.08032213333333334,2.2390000000000003,29.9866
under1024,full,v2,448,448,448,0.034835566666666665,5.162273333333333,69.13763333333334
under1024,full,v3,448,448,448,0.04519766666666667,3.978816666666667,53.287733333333335
under1024,full,v4,448,448,448,0.0348193,5.1646833333333335,69.1699
under1024,full,v5,448,448,448,0.043036700000000004,4.178546666666667,55.96266666666667
under1024,full,v6,448,448,448,0.028684,6.269376666666666,83.96486666666668
under1024,full,library_cublas_gemm,512,512,512,0.026637300000000003,10.077433333333333,118.09500000000001
under1024,full,v1,512,512,512,0.11630933333333333,2.3079466666666666,27.046266666666668
under1024,full,v2,512,512,512,0.04094056666666667,6.55671,76.8364
under1024,full,v3,512,512,512,0.05271113333333333,5.093116666666667,59.68493333333333
under1024,full,v4,512,512,512,0.03961596666666667,6.776009999999999,79.40633333333334
under1024,full,v5,512,512,512,0.04920483333333334,5.455470000000001,63.931266666666666
under1024,full,v6,512,512,512,0.0327914,8.18615,95.93146666666667
under1024,full,v7,512,512,512,0.05730856666666667,4.684033333333333,54.89103333333333
under1024,full,v8,512,512,512,0.06761156666666666,3.9702599999999997,46.52646666666667
under1024,full,v9,512,512,512,0.04713206666666667,5.695393333333333,66.74286666666667
under1024,full,library_cublas_gemm,640,640,640,0.0962639,5.446360000000001,51.05963333333333
under1024,full,v1,640,640,640,0.21892533333333333,2.39494,22.4526
under1024,full,v2,640,640,640,0.0722194,7.259656666666667,68.05926666666666
under1024,full,v3,640,640,640,0.094134,5.569593333333334,52.21496666666667
under1024,full,v4,640,640,640,0.07172456666666667,7.309736666666667,68.52883333333334
under1024,full,v5,640,640,640,0.08603873333333334,6.093626666666666,57.127766666666666
under1024,full,v6,640,640,640,0.0587906,8.917926666666666,83.60556666666666
under1024,full,v7,640,640,640,0.07166893333333334,7.31542,68.58203333333334
under1024,full,v8,640,640,640,0.08402986666666667,6.239306666666667,58.493500000000004
under1024,full,v9,640,640,640,0.10557233333333334,4.966153333333334,46.55766666666667
under1024,full,library_cublas_gemm,768,768,768,0.16161066666666665,5.60587,43.79586666666666
under1024,full,v1,768,768,768,0.36629399999999995,2.4733433333333337,19.322966666666666
under1024,full,v2,768,768,768,0.08600853333333335,10.533466666666667,82.29283333333333
under1024,full,v3,768,768,768,0.11174466666666667,8.10928,63.35373333333334
under1024,full,v4,768,768,768,0.08404123333333334,10.780066666666665,84.21923333333332
under1024,full,v5,768,768,768,0.10413966666666667,8.704606666666667,68.00473333333333
under1024,full,v6,768,768,768,0.06790616666666667,13.341500000000002,104.23066666666666
under1024,full,v7,768,768,768,0.08399146666666667,10.786433333333333,84.26916666666666
under1024,full,v8,768,768,768,0.10036333333333335,9.02688,70.52246666666667
under1024,full,v9,768,768,768,0.12302733333333334,7.3639866666666665,57.53116666666667
under1024,full,library_cublas_gemm,896,896,896,0.10702033333333334,13.442766666666666,90.01846666666667
under1024,full,v1,896,896,896,0.5817716666666667,2.4728733333333337,16.559433333333335
under1024,full,v2,896,896,896,0.157697,9.122836666666666,61.090466666666664
under1024,full,v3,896,896,896,0.20459466666666667,7.0316833333333335,47.08716666666667
under1024,full,v4,896,896,896,0.15717366666666666,9.15437,61.3016
under1024,full,v5,896,896,896,0.19184866666666667,7.4996,50.22053333333333
under1024,full,v6,896,896,896,0.12864133333333336,11.183433333333333,74.889
under1024,full,v7,896,896,896,0.19042033333333333,7.555113333333334,50.59223333333333
under1024,full,v8,896,896,896,0.17731533333333335,8.113473333333333,54.331266666666664
under1024,full,v9,896,896,896,0.20396833333333333,7.053280000000001,47.2318
under1024,full,library_cublas_gemm,960,960,960,0.11886366666666666,14.886533333333333,93.04096666666668
under1024,full,v1,960,960,960,0.709569,2.49375,15.585966666666666
under1024,full,v2,960,960,960,0.16970766666666667,10.4266,65.16623333333332
under1024,full,v3,960,960,960,0.22232133333333334,7.9597266666666675,49.7483
under1024,full,v4,960,960,960,0.16789166666666666,10.539366666666666,65.87116666666667
under1024,full,v5,960,960,960,0.204797,8.640133333333333,54.00083333333333
under1024,full,v6,960,960,960,0.13814200000000001,12.809066666666666,80.05663333333332
under1024,full,library_cublas_gemm,256,512,256,0.014360900000000001,4.67303,91.27013333333333
under1024,full,v1,256,512,256,0.03275463333333333,2.048836666666667,40.016333333333336
under1024,full,v2,256,512,256,0.014809733333333333,4.5314000000000005,88.504
under1024,full,v3,256,512,256,0.016488600000000003,4.070026666666666,79.4927
under1024,full,v4,256,512,256,0.0144744,4.636453333333333,90.5557
under1024,full,v5,256,512,256,0.016392566666666667,4.093853333333333,79.9581
under1024,full,v6,256,512,256,0.012297166666666666,5.457260000000001,106.58699999999999
under1024,full,v7,256,512,256,0.030718433333333333,2.18464,42.66883333333333
under1024,full,v8,256,512,256,0.040978966666666665,1.63764,31.985166666666668
under1024,full,v9,256,512,256,0.029024400000000002,2.31283,45.17246666666667
under1024,full,library_cublas_gemm,512,256,256,0.014345666666666666,4.677993333333333,91.36706666666667
under1024,full,v1,512,256,256,0.032757800000000004,2.048636666666667,40.012433333333334
under1024,full,v2,512,256,256,0.014343433333333334,4.678723333333333,91.38133333333333
under1024,full,v3,512,256,256,0.016398,4.092506666666666,79.93186666666666
under1024,full,v4,512,256,256,0.014344066666666667,4.678516666666667,91.37726666666667
under1024,full,v5,512,256,256,0.016390433333333333,4.094386666666666,79.9685
under1024,full,v6,512,256,256,0.012292666666666667,5.45925,106.62599999999999
under1024,full,v7,512,256,256,0.0307151,2.18488,42.6735
under1024,full,v8,512,256,256,0.04098093333333333,1.6375633333333335,31.983633333333334
under1024,full,v9,512,256,256,0.0286725,2.340533333333333,45.71353333333334
under1024,full,library_cublas_gemm,512,512,256,0.01844963333333333,7.2748099999999996,113.669
under1024,full,v1,512,512,256,0.0598534,2.24267,35.04173333333333
under1024,full,v2,512,512,256,0.022527733333333338,5.95789,93.09199999999998
under1024,full,v3,512,512,256,0.028668299999999997,4.681743333333333,73.15226666666666
under1024,full,v4,512,512,256,0.022525066666666666,5.958593333333333,93.10303333333333
under1024,full,v5,512,512,256,0.026635133333333335,5.039123333333333,78.73623333333333
under1024,full,v6,512,512,256,0.018441166666666665,7.278156666666667,113.72133333333333
under1024,full,v7,512,512,256,0.030716566666666667,4.36955,68.27423333333333
under1024,full,v8,512,512,256,0.04097963333333333,3.275233333333333,51.175466666666665
under1024,full,v9,512,512,256,0.028668,4.681796666666667,73.1531
under1024,full,library_cublas_gemm,768,256,256,0.016365866666666666,6.150816666666667,112.12433333333333
under1024,full,v1,768,256,256,0.04612123333333334,2.1849166666666666,39.82923333333333
under1024,full,v2,768,256,256,0.014345333333333335,7.017143333333333,127.91699999999999
under1024,full,v3,768,256,256,0.016399333333333332,6.138246666666667,111.89533333333334
under1024,full,v4,768,256,256,0.014346833333333335,7.016416666666667,127.90333333333335
under1024,full,v5,768,256,256,0.01638756666666667,6.142659999999999,111.97533333333332
under1024,full,v6,768,256,256,0.012292166666666667,8.189226666666666,149.28266666666664
under1024,full,v7,768,256,256,0.030717066666666668,3.2771133333333338,59.73903333333333
under1024,full,v8,768,256,256,0.04098123333333333,2.456326666666667,44.7768
under1024,full,v9,768,256,256,0.028667333333333333,3.511433333333333,64.01046666666667
under1024,full,library_cublas_gemm,256,768,256,0.0265635,3.7895333333333334,69.08003333333333
under1024,full,v1,256,768,256,0.0456701,2.2049633333333336,40.194633333333336
under1024,full,v2,256,768,256,0.014364566666666667,7.007746666666667,127.74566666666665
under1024,full,v3,256,768,256,0.016402966666666668,6.13689,111.87033333333333
under1024,full,v4,256,768,256,0.014347966666666668,7.01587,127.89333333333333
under1024,full,v5,256,768,256,0.016390233333333334,6.141659999999999,111.95733333333334
under1024,full,v6,256,768,256,0.012298666666666666,8.184896666666667,149.20366666666666
under1024,full,v7,256,768,256,0.030719666666666662,3.2768333333333337,59.73393333333333
under1024,full,v8,256,768,256,0.041347466666666666,2.434946666666667,44.38706666666667
under1024,full,v9,256,768,256,0.028666266666666666,3.511566666666667,64.01286666666667
under1024,full,library_cublas_gemm,768,512,256,0.01638826666666667,12.284799999999999,175.95399999999998
under1024,full,v1,768,512,256,0.08530816666666667,2.3600066666666666,33.80213333333334
under1024,full,v2,768,512,256,0.02252293333333333,8.938740000000001,128.02866666666668
under1024,full,v3,768,512,256,0.0287097,7.012519999999999,100.43966666666667
under1024,full,v4,768,512,256,0.022521166666666665,8.939436666666667,128.039
under1024,full,v5,768,512,256,0.02664256666666667,7.55658,108.23233333333333
under1024,full,v6,768,512,256,0.018448266666666668,10.913033333333333,156.30633333333333
under1024,full,v7,768,512,256,0.030721966666666666,6.553176666666666,93.86063333333334
under1024,full,v8,768,512,256,0.040985600000000004,4.9121266666666665,70.35600000000001
under1024,full,v9,768,512,256,0.0307398,6.549383333333334,93.80623333333334
under1024,full,library_cublas_gemm,512,768,256,0.04344990000000001,4.634530000000001,66.38000000000001
under1024,full,v1,512,768,256,0.08509476666666667,2.3659133333333333,33.88676666666667
under1024,full,v2,512,768,256,0.022522966666666668,8.938740000000001,128.02866666666668
under1024,full,v3,512,768,256,0.028670333333333336,7.022116666666666,100.577
under1024,full,v4,512,768,256,0.022523633333333334,8.938463333333333,128.025
under1024,full,v5,512,768,256,0.0266391,7.55756,108.246
under1024,full,v6,512,768,256,0.018442566666666667,10.916433333333332,156.35500000000002
under1024,full,v7,512,768,256,0.0307226,6.553043333333334,93.85866666666668
under1024,full,v8,512,768,256,0.04140956666666667,4.86186,69.63606666666666
under1024,full,v9,512,768,256,0.030920433333333334,6.511120000000001,93.25823333333334
under1024,full,library_cublas_gemm,896,512,256,0.02631876666666667,8.924570000000001,124.50599999999999
under1024,full,v1,896,512,256,0.10030833333333333,2.3415933333333334,32.667300000000004
under1024,full,v2,896,512,256,0.03239893333333333,7.249653333333334,101.13900000000001
under1024,full,v3,896,512,256,0.039257433333333334,5.983103333333333,83.46963333333333
under1024,full,v4,896,512,256,0.031984533333333336,7.3458,102.4805
under1024,full,v5,896,512,256,0.036880133333333336,6.3687700000000005,88.85006666666668
under1024,full,v6,896,512,256,0.026629466666666667,8.820333333333332,123.05166666666668
under1024,full,v7,896,512,256,0.030728699999999998,7.643703333333334,106.63666666666666
under1024,full,v8,896,512,256,0.04098106666666667,5.7314533333333335,79.95886666666667
under1024,full,v9,896,512,256,0.05003386666666667,4.694446666666667,65.4917
under1024,full,library_cublas_gemm,512,896,256,0.051521199999999996,4.559266666666667,63.605866666666664
under1024,full,v1,512,896,256,0.100265,2.3426033333333334,32.68143333333333
under1024,full,v2,512,896,256,0.032719066666666664,7.180643333333333,100.17623333333331
under1024,full,v3,512,896,256,0.0396217,5.928096666666666,82.70223333333333
under1024,full,v4,512,896,256,0.03081376666666667,7.622603333333333,106.34233333333333
under1024,full,v5,512,896,256,0.0368744,6.369756666666667,88.86380000000001
under1024,full,v6,512,896,256,0.026623033333333334,8.822470000000001,123.08133333333335
under1024,full,v7,512,896,256,0.030727766666666666,7.643926666666666,106.63966666666666
under1024,full,v8,512,896,256,0.041631133333333334,5.64201,78.7111
under1024,full,v9,512,896,256,0.04997346666666667,4.700123333333333,65.5709
under1024,full,library_cublas_gemm,960,512,256,0.026390733333333333,9.535863333333333,131.615
under1024,full,v1,960,512,256,0.10510933333333333,2.3943433333333335,33.0469
under1024,full,v2,960,512,256,0.03256863333333334,7.727013333333335,106.649
under1024,full,v3,960,512,256,0.039293466666666665,6.40459,88.39666666666666
under1024,full,v4,960,512,256,0.031710133333333335,7.936216666666667,109.53633333333333
under1024,full,v5,960,512,256,0.03688366666666667,6.823023333333334,94.17193333333334
under1024,full,v6,960,512,256,0.026626233333333332,9.451513333333333,130.45066666666665
under1024,full,v9,960,512,256,0.04997306666666667,5.03588,69.50563333333334
under1024,full,library_cublas_gemm,512,960,256,0.051223866666666666,4.91291,67.80843333333333
under1024,full,v1,512,960,256,0.10456033333333332,2.40682,33.21913333333333
under1024,full,v2,512,960,256,0.03275853333333333,7.682226666666668,106.03066666666666
under1024,full,v3,512,960,256,0.041494,6.066996666666667,83.73719999999999
under1024,full,v4,512,960,256,0.03312246666666666,7.602293333333333,104.92733333333332
under1024,full,v5,512,960,256,0.0368818,6.82337,94.17673333333335
under1024,full,v6,512,960,256,0.026631200000000004,9.44975,130.42600000000002
under1024,full,library_cublas_gemm,768,768,384,0.08610146666666667,5.26106,54.80273333333333
under1024,full,v1,768,768,384,0.18628133333333333,2.43172,25.330433333333332
under1024,full,v2,768,768,384,0.045068366666666665,10.051066666666665,104.69833333333334
under1024,full,v3,768,768,384,0.05737193333333334,7.895583333333334,82.24566666666666
under1024,full,v4,768,768,384,0.0450623,10.052433333333333,104.71266666666668
under1024,full,v5,768,768,384,0.05325886666666666,8.50534,88.5973
under1024,full,v6,768,768,384,0.03688126666666667,12.282233333333332,127.94
under1024,full,v7,768,768,384,0.04504640000000001,10.055933333333334,104.74966666666667
under1024,full,v8,768,768,384,0.05940533333333333,7.625323333333334,79.43043333333334
under1024,full,v9,768,768,384,0.06845760000000001,6.617016666666667,68.92726666666665
under1024,full,library_cublas_gemm,896,768,384,0.09890336666666666,5.343430000000001,53.672866666666664
under1024,full,v1,896,768,384,0.21570433333333336,2.4500333333333333,24.609733333333335
under1024,full,v2,896,768,384,0.0593312,8.907326666666668,89.47093333333333
under1024,full,v3,896,768,384,0.07425203333333334,7.11743,71.49203333333332
under1024,full,v4,896,768,384,0.05746389999999999,9.196773333333333,92.37826666666666
under1024,full,v5,896,768,384,0.06961023333333333,7.592020000000001,76.25913333333334
under1024,full,v6,896,768,384,0.0487502,10.8406,108.89033333333333
under1024,full,v7,896,768,384,0.045060333333333334,11.728333333333333,117.80666666666667
under1024,full,v8,896,768,384,0.0633279,8.345183333333333,83.82433333333334
under1024,full,v9,896,768,384,0.06915276666666667,7.6422799999999995,76.76396666666666
under1024,full,library_cublas_gemm,768,896,384,0.09918496666666667,5.328250000000001,53.520399999999995
under1024,full,v1,768,896,384,0.216749,2.4383733333333333,24.492633333333334
under1024,full,v2,768,896,384,0.059376033333333335,8.900603333333335,89.40339999999999
under1024,full,v3,768,896,384,0.0740847,7.133493333333334,71.65343333333334
under1024,full,v4,768,896,384,0.057565333333333336,9.180566666666666,92.2155
under1024,full,v5,768,896,384,0.06959796666666666,7.593356666666668,76.27256666666666
under1024,full,v6,768,896,384,0.0484946,10.897799999999998,109.46433333333334
under1024,full,v7,768,896,384,0.04506026666666666,11.728333333333333,117.80733333333332
under1024,full,v8,768,896,384,0.059221133333333335,8.923883333333334,89.6372
under1024,full,v9,768,896,384,0.0688798,7.672576666666667,77.06830000000001
under1024,full,library_cublas_gemm,960,768,384,0.10541533333333332,5.371453333333332,53.155
under1024,full,v1,960,768,384,0.23132033333333335,2.4478233333333335,24.223233333333337
under1024,full,v2,960,768,384,0.059380800000000004,9.535593333333333,94.36263333333333
under1024,full,v3,960,768,384,0.07413763333333334,7.637573333333333,75.58016666666667
under1024,full,v4,960,768,384,0.0577135,9.811083333333334,97.08883333333334
under1024,full,v5,960,768,384,0.06961566666666667,8.13367,80.48943333333334
under1024,full,v6,960,768,384,0.0490689,11.539499999999999,114.193
under1024,full,v9,960,768,384,0.0701857,8.067613333333334,79.83576666666666
under1024,full,library_cublas_gemm,768,960,384,0.10565000000000001,5.359513333333333,53.03686666666666
under1024,full,v1,768,960,384,0.23249766666666669,2.43557,24.102033333333335
under1024,full,v2,768,960,384,0.059407999999999996,9.531226666666667,94.31939999999999
under1024,full,v3,768,960,384,0.07539636666666667,7.510066666666667,74.3184
under1024,full,v4,768,960,384,0.059320000000000005,9.545366666666666,94.45936666666667
under1024,full,v5,768,960,384,0.0696484,8.129846666666667,80.4516
under1024,full,v6,768,960,384,0.0491568,11.5189,113.98899999999999
under1024,full,library_cublas_gemm,896,896,512,0.15357,5.353149999999999,44.808699999999995
under1024,full,v1,896,896,512,0.3351743333333333,2.4527066666666664,20.53043333333333
under1024,full,v2,896,896,512,0.0921984,8.916463333333333,74.6356
under1024,full,v3,896,896,512,0.118825,6.918423333333333,57.91093333333333
under1024,full,v4,896,896,512,0.093256,8.81817,73.8128
under1024,full,v5,896,896,512,0.11064866666666666,7.429673333333334,62.190333333333335
under1024,full,v6,896,896,512,0.0757792,10.8484,90.80696666666667
under1024,full,v7,896,896,512,0.11065833333333334,7.429036666666666,62.185
under1024,full,v8,896,896,512,0.10857533333333332,7.5732,63.39173333333333
under1024,full,v9,896,896,512,0.122122,6.731649999999999,56.34753333333333
under1024,full,library_cublas_gemm,960,896,512,0.16291866666666666,5.406956666666667,44.454499999999996
under1024,full,v1,960,896,512,0.3562623333333333,2.4723433333333333,20.326933333333333
under1024,full,v2,960,896,512,0.09396513333333334,9.378680000000001,77.10893333333333
under1024,full,v3,960,896,512,0.11901166666666667,7.400993333333333,60.84896666666666
under1024,full,v4,960,896,512,0.092181,9.55516,78.55993333333333
under1024,full,v5,960,896,512,0.11072599999999999,7.9548033333333334,65.4022
under1024,full,v6,960,896,512,0.0760535,11.581566666666667,95.22066666666667
under1024,full,v9,960,896,512,0.12549066666666667,7.01887,57.707233333333335
under1024,full,library_cublas_gemm,896,960,512,0.16176100000000002,5.445096666666667,44.76813333333333
under1024,full,v1,896,960,512,0.3561996666666667,2.47278,20.330533333333335
under1024,full,v2,896,960,512,0.09294256666666667,9.47686,77.91616666666665
under1024,full,v3,896,960,512,0.11947,7.372583333333334,60.61533333333333
under1024,full,v4,896,960,512,0.09350259999999999,9.423816666666665,77.48003333333334
under1024,full,v5,896,960,512,0.11120766666666666,7.92035,65.119
under1024,full,v6,896,960,512,0.07619343333333334,11.5601,95.044
under1024,full,library_cublas_gemm,960,960,512,0.1700033333333333,5.551176666666667,44.814233333333334
under1024,full,v1,960,960,512,0.3844543333333334,2.454803333333333,19.8174
under1024,full,v2,960,960,512,0.09411270000000001,10.0275,80.95146666666666
under1024,full,v3,960,960,512,0.120318,7.843533333333333,63.3202
under1024,full,v4,960,960,512,0.09219893333333333,10.235666666666667,82.63176666666666
under1024,full,v5,960,960,512,0.11185733333333332,8.436823333333335,68.10973333333334
under1024,full,v6,960,960,512,0.0773065,12.207500000000001,98.55036666666668
under1024,full,library_cublas_gemm,384,960,768,0.10449766666666667,5.418606666666666,53.621566666666666
under1024,full,v1,384,960,768,0.23151200000000002,2.4457966666666664,24.203166666666664
under1024,full,v2,384,960,768,0.05937683333333333,9.536223333333334,94.3689
under1024,full,v3,384,960,768,0.07654306666666667,7.397583333333333,73.20523333333334
under1024,full,v4,384,960,768,0.0573724,9.869403333333333,97.66596666666665
under1024,full,v5,384,960,768,0.07322493333333334,7.732766666666667,76.5222
under1024,full,v6,384,960,768,0.04721773333333334,11.991933333333334,118.66966666666667
under1024,full,library_cublas_gemm,960,384,768,0.0663267,8.539286666666667,84.50336666666666
under1024,full,v1,960,384,768,0.23155366666666666,2.4453533333333333,24.198800000000002
under1024,full,v2,960,384,768,0.059379933333333336,9.535730000000001,94.36396666666667
under1024,full,v3,960,384,768,0.0758223,7.467866666666667,73.90076666666667
under1024,full,v4,960,384,768,0.0573807,9.86797,97.65176666666666
under1024,full,v5,960,384,768,0.0717291,7.894026666666666,78.11796666666667
under1024,full,v6,960,384,768,0.04713666666666667,12.012500000000001,118.87400000000001
under1024,full,v9,960,384,768,0.07166080000000001,7.901546666666667,78.1924
under1024,full,library_cublas_gemm,512,896,768,0.12500333333333333,5.6370000000000005,49.2818
under1024,full,v1,512,896,768,0.290864,2.4225833333333333,21.179566666666666
under1024,full,v2,512,896,768,0.08603336666666667,8.190346666666667,71.60456666666666
under1024,full,v3,512,896,768,0.11056933333333334,6.37286,55.715066666666665
under1024,full,v4,512,896,768,0.0855355,8.23803,72.02143333333333
under1024,full,v5,512,896,768,0.10239133333333333,6.881873333333334,60.16523333333333
under1024,full,v6,512,896,768,0.0688899,10.228566666666667,89.42376666666667
under1024,full,v7,512,896,768,0.08394733333333333,8.393876666666667,73.38393333333333
under1024,full,v8,512,896,768,0.09870146666666667,7.13985,62.420566666666666
under1024,full,v9,512,896,768,0.12375433333333334,5.693883333333333,49.7791
under1024,full,library_cublas_gemm,896,512,768,0.07504553333333333,9.389573333333333,82.08886666666666
under1024,full,v1,896,512,768,0.29213700000000004,2.41211,21.088033333333332
under1024,full,v2,896,512,768,0.08600493333333332,8.193056666666665,71.6283
under1024,full,v3,896,512,768,0.11124266666666667,6.334790000000001,55.38223333333334
under1024,full,v4,896,512,768,0.08611946666666666,8.183556666666666,71.54526666666668
under1024,full,v5,896,512,768,0.10239566666666666,6.88158,60.16263333333333
under1024,full,v6,896,512,768,0.06953846666666667,10.133133333333333,88.5896
under1024,full,v7,896,512,768,0.0845761,8.332353333333332,72.84609999999999
under1024,full,v8,896,512,768,0.09705813333333334,7.260796666666667,63.47793333333333
under1024,full,v9,896,512,768,0.12343866666666665,5.708636666666667,49.90806666666666
under1024,full,library_cublas_gemm,960,768,768,0.198604,5.70211,41.577866666666665
under1024,full,v1,960,768,768,0.457684,2.4743666666666666,18.042266666666666
under1024,full,v2,960,768,768,0.112595,10.0579,73.3386
under1024,full,v3,960,768,768,0.143448,7.894593333333333,57.56473333333333
under1024,full,v4,960,768,768,0.11065266666666666,10.234366666666666,74.6255
under1024,full,v5,960,768,768,0.13451033333333332,8.420643333333333,61.4005
under1024,full,v6,960,768,768,0.09015413333333333,12.561399999999999,91.59353333333333
under1024,full,v9,960,768,768,0.12585466666666667,8.999989999999999,65.62496666666668
candidate_large,partial,library_cublas_gemm,3456,4608,1536,2.7776750000000003,17.61275,40.7702
candidate_large,partial,v6,3456,4608,1536,3.3494,14.606449999999999,33.8113
candidate_large,partial,v7,3456,4608,1536,3.3939399999999997,14.4146,33.3672
candidate_large,partial,v8,3456,4608,1536,3.0189500000000002,16.2051,37.51175
candidate_large,partial,library_cublas_gemm,4608,3456,1536,2.77902,17.6042,40.75045
candidate_large,partial,v6,4608,3456,1536,3.34051,14.645150000000001,33.900850000000005
candidate_large,partial,v7,4608,3456,1536,3.37703,14.486799999999999,33.53425
candidate_large,partial,v8,4608,3456,1536,3.02562,16.1696,37.429649999999995
candidate_large,partial,library_cublas_gemm,4608,4608,1536,3.235405,20.162,43.75435
candidate_large,partial,v6,4608,4608,1536,4.459465,14.62735,31.7434
candidate_large,partial,v7,4608,4608,1536,4.387915,14.8658,32.26085
candidate_large,partial,v8,4608,4608,1536,3.918735,16.64565,36.12335
candidate_large,partial,library_cublas_gemm,5376,3456,1536,3.25095,17.55675,39.552
candidate_large,partial,v6,5376,3456,1536,3.9098300000000004,14.598099999999999,32.88675
candidate_large,partial,v7,5376,3456,1536,3.89582,14.6507,33.005250000000004
candidate_large,partial,v8,5376,3456,1536,3.4821600000000004,16.39105,36.92585
candidate_large,partial,library_cublas_gemm,6144,3456,1536,3.67639,17.74305,39.14665
candidate_large,partial,v6,6144,3456,1536,4.45131,14.6541,32.3314
candidate_large,partial,v7,6144,3456,1536,4.407365,14.8003,32.65395
candidate_large,partial,v8,6144,3456,1536,3.92141,16.63425,36.7003
candidate_large,partial,library_cublas_gemm,3456,6144,1536,3.2234800000000003,20.23585,44.64645
candidate_large,partial,v6,3456,6144,1536,4.448315,14.6639,32.35315
candidate_large,partial,v7,3456,6144,1536,4.56471,14.29,31.5282
candidate_large,partial,v8,3456,6144,1536,3.945595,16.5323,36.475350000000006
candidate_large,partial,library_cublas_gemm,6144,4608,1536,4.071945,21.359099999999998,44.034549999999996
candidate_large,partial,v6,6144,4608,1536,5.928195,14.67105,30.24635
candidate_large,partial,v7,6144,4608,1536,5.863595,14.832899999999999,30.579900000000002
candidate_large,partial,v8,6144,4608,1536,5.202645,16.717100000000002,34.4645
candidate_large,partial,library_cublas_gemm,4608,6144,1536,4.091005,21.259999999999998,43.8302
candidate_large,partial,v6,4608,6144,1536,5.92503,14.67895,30.262549999999997
candidate_large,partial,v7,4608,6144,1536,6.08386,14.2957,29.4725
candidate_large,partial,v8,4608,6144,1536,5.266769999999999,16.51375,34.04515000000001
candidate_large,partial,library_cublas_gemm,5376,5376,1536,4.38945,20.226950000000002,41.38695
candidate_large,partial,v6,5376,5376,1536,6.05419,14.66505,30.0066
candidate_large,partial,v7,5376,5376,1536,5.96208,14.89175,30.47045
candidate_large,partial,v8,5376,5376,1536,5.318545,16.693550000000002,34.1572
candidate_large,partial,library_cublas_gemm,6912,4608,1536,4.714805,20.752650000000003,42.03375
candidate_large,partial,v6,6912,4608,1536,6.66586,14.6785,29.73075
candidate_large,partial,v7,6912,4608,1536,6.64759,14.71895,29.8127
candidate_large,partial,v8,6912,4608,1536,5.859205,16.6993,33.82385
candidate_large,partial,library_cublas_gemm,4608,6912,1536,4.876645,20.06395,40.63875
candidate_large,partial,v6,4608,6912,1536,6.6815,14.64425,29.66135
candidate_large,partial,v7,4608,6912,1536,6.579815,14.87045,30.11955
candidate_large,partial,v8,4608,6912,1536,5.86433,16.6849,33.7946
candidate_large,partial,library_cublas_gemm,3456,4608,2304,3.60618,20.349800000000002,38.2736
candidate_large,partial,v6,3456,4608,2304,4.98324,14.7261,27.6966
candidate_large,partial,v7,3456,4608,2304,5.080665,14.4437,27.1655
candidate_large,partial,v8,3456,4608,2304,4.452120000000001,16.48305,31.0011
candidate_large,partial,library_cublas_gemm,5376,3456,2304,4.73299,18.0888,32.89965
candidate_large,partial,v6,5376,3456,2304,5.85206,14.629850000000001,26.60855
candidate_large,partial,v7,5376,3456,2304,5.8069299999999995,14.743549999999999,26.815350000000002
candidate_large,partial,v8,5376,3456,2304,5.077999999999999,16.8598,30.66435
candidate_large,partial,library_cublas_gemm,6144,3456,2304,5.3689,18.224899999999998,32.2996
candidate_large,partial,v6,6144,3456,2304,6.67329,14.66215,25.9854
candidate_large,partial,v7,6144,3456,2304,6.56489,14.9043,26.4147
candidate_large,partial,v8,6144,3456,2304,5.740605,17.0443,30.2073
candidate_large,partial,library_cublas_gemm,3456,6144,2304,4.65271,21.02965,37.2704
candidate_large,partial,v6,3456,6144,2304,6.5222999999999995,15.00155,26.58695
candidate_large,partial,v7,3456,6144,2304,6.8456150000000004,14.293099999999999,25.3314
candidate_large,partial,v8,3456,6144,2304,5.759155,16.989449999999998,30.11005
candidate_large,partial,library_cublas_gemm,6144,4608,2304,6.003584999999999,21.730449999999998,35.3686
candidate_large,partial,v6,6144,4608,2304,8.854,14.73455,23.982
candidate_large,partial,v7,6144,4608,2304,8.756535,14.898599999999998,24.24905
candidate_large,partial,v8,6144,4608,2304,7.62387,17.112000000000002,27.85155
candidate_large,partial,library_cublas_gemm,4608,6144,2304,6.005575,21.723300000000002,35.356899999999996
candidate_large,partial,v6,4608,6144,2304,8.711089999999999,14.97635,24.37555
candidate_large,partial,v7,4608,6144,2304,9.108315000000001,14.32315,23.312350000000002
candidate_large,partial,v8,4608,6144,2304,7.66582,17.0184,27.699150000000003
candidate_large,partial,library_cublas_gemm,5376,5376,2304,6.35259,20.9643,33.79665
candidate_large,partial,v6,5376,5376,2304,8.96114,14.861650000000001,23.95855
candidate_large,partial,v7,5376,5376,2304,9.28197,14.34795,23.13045
candidate_large,partial,v8,5376,5376,2304,7.80123,17.071350000000002,27.5208
candidate_large,partial,library_cublas_gemm,6912,4608,2304,7.022455,20.899700000000003,33.2605
candidate_large,partial,v6,6912,4608,2304,9.95515,14.74285,23.462249999999997
candidate_large,partial,v7,6912,4608,2304,9.96711,14.7253,23.4343
candidate_large,partial,v8,6912,4608,2304,8.626745,17.01305,27.07515
candidate_large,partial,library_cublas_gemm,4608,6912,2304,7.050095000000001,20.81805,33.13055
candidate_large,partial,v6,4608,6912,2304,9.809565,14.961749999999999,23.810699999999997
candidate_large,partial,v7,4608,6912,2304,10.3624,14.16355,22.5404
candidate_large,partial,v8,4608,6912,2304,8.73836,16.79585,26.7296
candidate_large,partial,library_cublas_gemm,3456,4608,3072,4.78204,20.46085,34.042249999999996
candidate_large,partial,v6,3456,4608,3072,6.55018,14.937750000000001,24.85295
candidate_large,partial,v7,3456,4608,3072,7.049295,13.88005,23.0933
candidate_large,partial,v8,3456,4608,3072,5.909050000000001,16.5586,27.549799999999998
candidate_large,partial,library_cublas_gemm,4608,3456,3072,4.816549999999999,20.31425,33.79835
candidate_large,partial,v6,4608,3456,3072,6.631155,14.7553,24.54945
candidate_large,partial,v7,4608,3456,3072,6.7556449999999995,14.483450000000001,24.097099999999998
candidate_large,partial,v8,4608,3456,3072,5.868475,16.67295,27.740000000000002
candidate_large,partial,library_cublas_gemm,5376,3456,3072,6.453625000000001,17.6881,28.3322
candidate_large,partial,v6,5376,3456,3072,7.776885,14.6785,23.511499999999998
candidate_large,partial,v7,5376,3456,3072,7.78398,14.6651,23.49005
candidate_large,partial,v8,5376,3456,3072,6.73459,16.95045,27.1507
candidate_large,partial,library_cublas_gemm,6144,3456,3072,7.309385,17.8482,27.75875
candidate_large,partial,v6,6144,3456,3072,8.868105,14.7111,22.879649999999998
candidate_large,partial,v7,6144,3456,3072,8.75714,14.8975,23.169600000000003
candidate_large,partial,v8,6144,3456,3072,7.568379999999999,17.23745,26.80885
candidate_large,partial,library_cublas_gemm,3456,6144,3072,6.21603,20.9877,32.6415
candidate_large,partial,v6,3456,6144,3072,8.722955,14.9559,23.260399999999997
candidate_large,partial,v7,3456,6144,3072,9.123685,14.299050000000001,22.238799999999998
candidate_large,partial,v8,3456,6144,3072,7.595750000000001,17.1754,26.71235
candidate_large,partial,library_cublas_gemm,6144,4608,3072,8.097725,21.48105,30.301000000000002
candidate_large,partial,v6,6144,4608,3072,11.62865,14.95845,21.100299999999997
candidate_large,partial,v7,6144,4608,3072,12.13805,14.33075,20.2148
candidate_large,partial,v8,6144,4608,3072,10.10325,17.2168,24.285899999999998
candidate_large,partial,library_cublas_gemm,4608,6144,3072,8.069735000000001,21.55535,30.40575
candidate_large,partial,v6,4608,6144,3072,11.5999,14.9956,21.15265
candidate_large,partial,v7,4608,6144,3072,12.195599999999999,14.263000000000002,20.11925
candidate_large,partial,v8,4608,6144,3072,10.11675,17.19395,24.25365
candidate_large,partial,library_cublas_gemm,5376,5376,3072,8.487135,20.9224,29.18865
candidate_large,partial,v6,5376,5376,3072,11.8385,14.99935,20.925449999999998
candidate_large,partial,v7,5376,5376,3072,12.44225,14.2715,19.91
candidate_large,partial,v8,5376,5376,3072,10.349499999999999,17.1574,23.936100000000003
candidate_large,partial,library_cublas_gemm,6912,4608,3072,9.387385,20.8462,28.651449999999997
candidate_large,partial,v6,6912,4608,3072,13.04255,15.0039,20.62165
candidate_large,partial,v7,6912,4608,3072,13.77535,14.2058,19.524749999999997
candidate_large,partial,v8,6912,4608,3072,11.513300000000001,16.9969,23.3609
